,codeBlockId,codeBlock_start,codeBlock_end,codeBlock_fileinfo,codeblock_Code,tokens,codeCloneBlockId,codeCloneBlock_Fileinfo,Similarity_Tokens,Similarity_Variable_Flow,Similarity_MethodCall_Flow,nloc,Revision,datetime
0,CodeBlock1,17,55,D:/projects/Test_project_Codeclonetracer/onlinebookstore-J2EE\OnlineBookStore\servlets\AddBookServlet.java,"['\tpublic void service(ServletRequest req,ServletResponse res) throws IOException,ServletException', '\t{', '\t\tPrintWriter pw = res.getWriter();', '\t\t', '\t\tres.setContentType(IOnlineBookStoreConstants.CONTENT_TYPE_TEXT_HTML);', '\t\t', '\t\tString bCode = req.getParameter(IBookConstants.COLUMN_BARCODE);', '\t\tString bName = req.getParameter(IBookConstants.COLUMN_NAME);', '\t\tString bAuthor = req.getParameter(IBookConstants.COLUMN_AUTHOR);', '\t\tint bPrice =Integer.parseInt(req.getParameter(IBookConstants.COLUMN_PRICE));', '\t\tint bQty = Integer.parseInt(req.getParameter(IBookConstants.COLUMN_QUANTITY));', '\t\t', '\t\ttry {', '\t\t\tConnection con = DBConnection.getCon();', '\t\t\tPreparedStatement ps = con.prepareStatement(""insert into "" + IBookConstants.TABLE_BOOK + ""  values(?,?,?,?,?)"");', '\t\t\tps.setString(1, bCode);', '\t\t\tps.setString(2, bName);', '\t\t\tps.setString(3, bAuthor);', '\t\t\tps.setInt(4, bPrice);', '\t\t\tps.setInt(5, bQty);', '\t\t\tint k = ps.executeUpdate();', '\t\t\tif(k==1)', '\t\t\t{', '\t\t\t\tRequestDispatcher rd = req.getRequestDispatcher(""AddBook.html"");', '\t\t\t\trd.include(req, res);', '\t\t\t\tpw.println(""<div class=\\""tab\\"">Book Detail Updated Successfully!<br/>Add More Books</div>"");', '\t\t\t}', '\t\t\telse', '\t\t\t{', '\t\t\t\tRequestDispatcher rd = req.getRequestDispatcher(""AddBook.html"");', '\t\t\t\tpw.println(""<div class=\\""tab\\"">Failed to Add Books! Fill up CareFully</div>"");', '\t\t\t\trd.include(req, res);', '\t\t\t}', '\t\t}', '\t\tcatch(Exception e)', '\t\t{', '\t\t\te.printStackTrace();', '\t\t}', '\t}']","{'public': 1, 'void': 1, 'service': 1, 'TOKEN_VARIABLE': 44, 'throws': 1, 'getWriter': 1, 'setContentType': 1, 'String': 3, 'getParameter': 5, 'int': 3, 'parseInt': 2, 'try': 1, 'getCon': 1, 'prepareStatement': 1, 'STRING_LITERAL': 8, 'INTEGER_LITERAL': 8, 'setString': 3, 'setInt': 2, 'executeUpdate': 1, 'if': 1, 'getRequestDispatcher': 2, 'include': 2, 'println': 2, 'catch': 1, 'printStackTrace': 1}",CodeBlock2,D:/projects/Test_project_Codeclonetracer/onlinebookstore-J2EE\OnlineBookStore\servlets\AdminLoginServlet.java,0.6885245901639344,0.7142857142857143,0.8,4,3,2022-10-09 19:46:30.887594
1,CodeBlock1,17,55,D:/projects/Test_project_Codeclonetracer/onlinebookstore-J2EE\OnlineBookStore\servlets\AddBookServlet.java,"['\tpublic void service(ServletRequest req,ServletResponse res) throws IOException,ServletException', '\t{', '\t\tPrintWriter pw = res.getWriter();', '\t\t', '\t\tres.setContentType(IOnlineBookStoreConstants.CONTENT_TYPE_TEXT_HTML);', '\t\t', '\t\tString bCode = req.getParameter(IBookConstants.COLUMN_BARCODE);', '\t\tString bName = req.getParameter(IBookConstants.COLUMN_NAME);', '\t\tString bAuthor = req.getParameter(IBookConstants.COLUMN_AUTHOR);', '\t\tint bPrice =Integer.parseInt(req.getParameter(IBookConstants.COLUMN_PRICE));', '\t\tint bQty = Integer.parseInt(req.getParameter(IBookConstants.COLUMN_QUANTITY));', '\t\t', '\t\ttry {', '\t\t\tConnection con = DBConnection.getCon();', '\t\t\tPreparedStatement ps = con.prepareStatement(""insert into "" + IBookConstants.TABLE_BOOK + ""  values(?,?,?,?,?)"");', '\t\t\tps.setString(1, bCode);', '\t\t\tps.setString(2, bName);', '\t\t\tps.setString(3, bAuthor);', '\t\t\tps.setInt(4, bPrice);', '\t\t\tps.setInt(5, bQty);', '\t\t\tint k = ps.executeUpdate();', '\t\t\tif(k==1)', '\t\t\t{', '\t\t\t\tRequestDispatcher rd = req.getRequestDispatcher(""AddBook.html"");', '\t\t\t\trd.include(req, res);', '\t\t\t\tpw.println(""<div class=\\""tab\\"">Book Detail Updated Successfully!<br/>Add More Books</div>"");', '\t\t\t}', '\t\t\telse', '\t\t\t{', '\t\t\t\tRequestDispatcher rd = req.getRequestDispatcher(""AddBook.html"");', '\t\t\t\tpw.println(""<div class=\\""tab\\"">Failed to Add Books! Fill up CareFully</div>"");', '\t\t\t\trd.include(req, res);', '\t\t\t}', '\t\t}', '\t\tcatch(Exception e)', '\t\t{', '\t\t\te.printStackTrace();', '\t\t}', '\t}']","{'public': 1, 'void': 1, 'service': 1, 'TOKEN_VARIABLE': 44, 'throws': 1, 'getWriter': 1, 'setContentType': 1, 'String': 3, 'getParameter': 5, 'int': 3, 'parseInt': 2, 'try': 1, 'getCon': 1, 'prepareStatement': 1, 'STRING_LITERAL': 8, 'INTEGER_LITERAL': 8, 'setString': 3, 'setInt': 2, 'executeUpdate': 1, 'if': 1, 'getRequestDispatcher': 2, 'include': 2, 'println': 2, 'catch': 1, 'printStackTrace': 1}",CodeBlock6,D:/projects/Test_project_Codeclonetracer/onlinebookstore-J2EE\OnlineBookStore\servlets\UserLoginServlet.java,0.7,0.7142857142857143,0.8,4,3,2022-10-09 19:46:30.887594
2,CodeBlock2,14,47,D:/projects/Test_project_Codeclonetracer/onlinebookstore-J2EE\OnlineBookStore\servlets\AdminLoginServlet.java,"['\tpublic void service(ServletRequest req, ServletResponse res) throws IOException, ServletException {', '\t\tPrintWriter pw = res.getWriter();', '\t\tres.setContentType(IOnlineBookStoreConstants.CONTENT_TYPE_TEXT_HTML);', '\t\tString uName = req.getParameter(IUserContants.COLUMN_USERNAME);', '\t\tString pWord = req.getParameter(IUserContants.COLUMN_PASSWORD);', '\t\ttry {', '\t\t\tConnection con = DBConnection.getCon();', '\t\t\tPreparedStatement ps = con.prepareStatement(""SELECT * FROM "" + IUserContants.TABLE_USERS + "" WHERE  ""', '\t\t\t\t\t+ IUserContants.COLUMN_USERNAME + ""=? AND "" + IUserContants.COLUMN_PASSWORD + ""=? AND ""', '\t\t\t\t\t+ IUserContants.COLUMN_USERTYPE + ""=1"");', '\t\t\tps.setString(1, uName);', '\t\t\tps.setString(2, pWord);', '\t\t\tResultSet rs = ps.executeQuery();', '\t\t\tif (rs.next()) {', '\t\t\t\tRequestDispatcher rd = req.getRequestDispatcher(""Sample.html"");', '\t\t\t\t', '\t\t\t\tCookie ck = new Cookie(""usertype"",""admin"");', '\t\t\t\t', '\t\t\t\trd.include(req, res);', '\t\t\t\tpw.println(""<div class=\\""tab\\"">Admin login Successful</div>"");', '\t\t\t\tpw.println(""<div class=\\""tab\\""><br/><a href=\\""AddBook.html\\"">ADD BOOKS</a><br/></div>"");', '\t\t\t\tpw.println(""<div class=\\""tab\\""><br/><a href=\\""RemoveBooks.html\\"">REMOVE BOOKS</a><br/></div>"");', '\t\t\t\tpw.println(""<div class=\\""tab\\""><br/><a href=\\""viewbook\\"">VIEW BOOKS</a></div>"");', '\t\t\t} else {', '', '\t\t\t\tRequestDispatcher rd = req.getRequestDispatcher(""AdminLogin.html"");', '\t\t\t\trd.include(req, res);', '\t\t\t\tpw.println(""<div class=\\""tab\\"">Incorrect UserName or PassWord</div>"");', '\t\t\t}', '', '\t\t} catch (Exception e) {', '\t\t\te.printStackTrace();', '\t\t}', '\t}']","{'public': 1, 'void': 1, 'service': 1, 'TOKEN_VARIABLE': 46, 'throws': 1, 'getWriter': 1, 'setContentType': 1, 'String': 2, 'getParameter': 2, 'try': 1, 'getCon': 1, 'prepareStatement': 1, 'STRING_LITERAL': 22, 'INTEGER_LITERAL': 10, 'setString': 2, 'executeQuery': 1, 'if': 1, 'next': 1, 'getRequestDispatcher': 2, 'new': 1, 'Cookie': 1, 'include': 2, 'println': 5, 'catch': 1, 'printStackTrace': 1}",CodeBlock1,D:/projects/Test_project_Codeclonetracer/onlinebookstore-J2EE\OnlineBookStore\servlets\AddBookServlet.java,0.6885245901639344,0.7142857142857143,0.8,4,3,2022-10-09 19:46:30.887594
3,CodeBlock2,14,47,D:/projects/Test_project_Codeclonetracer/onlinebookstore-J2EE\OnlineBookStore\servlets\AdminLoginServlet.java,"['\tpublic void service(ServletRequest req, ServletResponse res) throws IOException, ServletException {', '\t\tPrintWriter pw = res.getWriter();', '\t\tres.setContentType(IOnlineBookStoreConstants.CONTENT_TYPE_TEXT_HTML);', '\t\tString uName = req.getParameter(IUserContants.COLUMN_USERNAME);', '\t\tString pWord = req.getParameter(IUserContants.COLUMN_PASSWORD);', '\t\ttry {', '\t\t\tConnection con = DBConnection.getCon();', '\t\t\tPreparedStatement ps = con.prepareStatement(""SELECT * FROM "" + IUserContants.TABLE_USERS + "" WHERE  ""', '\t\t\t\t\t+ IUserContants.COLUMN_USERNAME + ""=? AND "" + IUserContants.COLUMN_PASSWORD + ""=? AND ""', '\t\t\t\t\t+ IUserContants.COLUMN_USERTYPE + ""=1"");', '\t\t\tps.setString(1, uName);', '\t\t\tps.setString(2, pWord);', '\t\t\tResultSet rs = ps.executeQuery();', '\t\t\tif (rs.next()) {', '\t\t\t\tRequestDispatcher rd = req.getRequestDispatcher(""Sample.html"");', '\t\t\t\t', '\t\t\t\tCookie ck = new Cookie(""usertype"",""admin"");', '\t\t\t\t', '\t\t\t\trd.include(req, res);', '\t\t\t\tpw.println(""<div class=\\""tab\\"">Admin login Successful</div>"");', '\t\t\t\tpw.println(""<div class=\\""tab\\""><br/><a href=\\""AddBook.html\\"">ADD BOOKS</a><br/></div>"");', '\t\t\t\tpw.println(""<div class=\\""tab\\""><br/><a href=\\""RemoveBooks.html\\"">REMOVE BOOKS</a><br/></div>"");', '\t\t\t\tpw.println(""<div class=\\""tab\\""><br/><a href=\\""viewbook\\"">VIEW BOOKS</a></div>"");', '\t\t\t} else {', '', '\t\t\t\tRequestDispatcher rd = req.getRequestDispatcher(""AdminLogin.html"");', '\t\t\t\trd.include(req, res);', '\t\t\t\tpw.println(""<div class=\\""tab\\"">Incorrect UserName or PassWord</div>"");', '\t\t\t}', '', '\t\t} catch (Exception e) {', '\t\t\te.printStackTrace();', '\t\t}', '\t}']","{'public': 1, 'void': 1, 'service': 1, 'TOKEN_VARIABLE': 46, 'throws': 1, 'getWriter': 1, 'setContentType': 1, 'String': 2, 'getParameter': 2, 'try': 1, 'getCon': 1, 'prepareStatement': 1, 'STRING_LITERAL': 22, 'INTEGER_LITERAL': 10, 'setString': 2, 'executeQuery': 1, 'if': 1, 'next': 1, 'getRequestDispatcher': 2, 'new': 1, 'Cookie': 1, 'include': 2, 'println': 5, 'catch': 1, 'printStackTrace': 1}",CodeBlock6,D:/projects/Test_project_Codeclonetracer/onlinebookstore-J2EE\OnlineBookStore\servlets\UserLoginServlet.java,0.9285714285714286,0.8095238095238095,0.9,4,3,2022-10-09 19:46:30.887594
4,CodeBlock2,14,47,D:/projects/Test_project_Codeclonetracer/onlinebookstore-J2EE\OnlineBookStore\servlets\AdminLoginServlet.java,"['\tpublic void service(ServletRequest req, ServletResponse res) throws IOException, ServletException {', '\t\tPrintWriter pw = res.getWriter();', '\t\tres.setContentType(IOnlineBookStoreConstants.CONTENT_TYPE_TEXT_HTML);', '\t\tString uName = req.getParameter(IUserContants.COLUMN_USERNAME);', '\t\tString pWord = req.getParameter(IUserContants.COLUMN_PASSWORD);', '\t\ttry {', '\t\t\tConnection con = DBConnection.getCon();', '\t\t\tPreparedStatement ps = con.prepareStatement(""SELECT * FROM "" + IUserContants.TABLE_USERS + "" WHERE  ""', '\t\t\t\t\t+ IUserContants.COLUMN_USERNAME + ""=? AND "" + IUserContants.COLUMN_PASSWORD + ""=? AND ""', '\t\t\t\t\t+ IUserContants.COLUMN_USERTYPE + ""=1"");', '\t\t\tps.setString(1, uName);', '\t\t\tps.setString(2, pWord);', '\t\t\tResultSet rs = ps.executeQuery();', '\t\t\tif (rs.next()) {', '\t\t\t\tRequestDispatcher rd = req.getRequestDispatcher(""Sample.html"");', '\t\t\t\t', '\t\t\t\tCookie ck = new Cookie(""usertype"",""admin"");', '\t\t\t\t', '\t\t\t\trd.include(req, res);', '\t\t\t\tpw.println(""<div class=\\""tab\\"">Admin login Successful</div>"");', '\t\t\t\tpw.println(""<div class=\\""tab\\""><br/><a href=\\""AddBook.html\\"">ADD BOOKS</a><br/></div>"");', '\t\t\t\tpw.println(""<div class=\\""tab\\""><br/><a href=\\""RemoveBooks.html\\"">REMOVE BOOKS</a><br/></div>"");', '\t\t\t\tpw.println(""<div class=\\""tab\\""><br/><a href=\\""viewbook\\"">VIEW BOOKS</a></div>"");', '\t\t\t} else {', '', '\t\t\t\tRequestDispatcher rd = req.getRequestDispatcher(""AdminLogin.html"");', '\t\t\t\trd.include(req, res);', '\t\t\t\tpw.println(""<div class=\\""tab\\"">Incorrect UserName or PassWord</div>"");', '\t\t\t}', '', '\t\t} catch (Exception e) {', '\t\t\te.printStackTrace();', '\t\t}', '\t}']","{'public': 1, 'void': 1, 'service': 1, 'TOKEN_VARIABLE': 46, 'throws': 1, 'getWriter': 1, 'setContentType': 1, 'String': 2, 'getParameter': 2, 'try': 1, 'getCon': 1, 'prepareStatement': 1, 'STRING_LITERAL': 22, 'INTEGER_LITERAL': 10, 'setString': 2, 'executeQuery': 1, 'if': 1, 'next': 1, 'getRequestDispatcher': 2, 'new': 1, 'Cookie': 1, 'include': 2, 'println': 5, 'catch': 1, 'printStackTrace': 1}",CodeBlock7,D:/projects/Test_project_Codeclonetracer/onlinebookstore-J2EE\OnlineBookStore\servlets\UserRegisterServlet.java,0.6515151515151515,0.6521739130434783,0.7,4,3,2022-10-09 19:46:30.887594
5,CodeBlock6,12,41,D:/projects/Test_project_Codeclonetracer/onlinebookstore-J2EE\OnlineBookStore\servlets\UserLoginServlet.java,"['\tpublic void service(ServletRequest req, ServletResponse res) throws IOException, ServletException {', '\t\tPrintWriter pw = res.getWriter();', '\t\tres.setContentType(IOnlineBookStoreConstants.CONTENT_TYPE_TEXT_HTML);', '\t\tString uName = req.getParameter(IUserContants.COLUMN_USERNAME);', '\t\tString pWord = req.getParameter(IUserContants.COLUMN_PASSWORD);', '\t\ttry {', '\t\t\tConnection con = DBConnection.getCon();', '\t\t\tPreparedStatement ps = con.prepareStatement(""SELECT * FROM "" + IUserContants.TABLE_USERS + "" WHERE ""', '\t\t\t\t\t+ IUserContants.COLUMN_USERNAME + ""=? AND "" + IUserContants.COLUMN_PASSWORD + ""=? AND "" + IUserContants.COLUMN_USERTYPE + ""=2"");', '\t\t\tps.setString(1, uName);', '\t\t\tps.setString(2, pWord);', '\t\t\tResultSet rs = ps.executeQuery();', '\t\t\tif (rs.next()) {', '\t\t\t\tRequestDispatcher rd = req.getRequestDispatcher(""Sample.html"");', '\t\t\t\trd.include(req, res);', '\t\t\t\tpw.println(""<div class=\\""home hd brown\\"">Welcome ! "" + uName + ""</div><br/>"");', '\t\t\t\tpw.println(""<div class=\\""tab hd brown\\"">User Login Successful !</div><br/>"");', '\t\t\t\tpw.println(""<div class=\\""tab\\""><a href=\\""viewbook\\"">VIEW BOOKS</a></div>"");', '\t\t\t\tpw.println(""<div class=\'tab\'><a href=\\""buybook\\"">BUY BOOKS</a></div>"");', '\t\t\t} else {', '', '\t\t\t\tRequestDispatcher rd = req.getRequestDispatcher(""UserLogin.html"");', '\t\t\t\trd.include(req, res);', '\t\t\t\tpw.println(""<div class=\\""tab\\"">Incorrect UserName or PassWord</div>"");', '\t\t\t}', '', '\t\t} catch (Exception e) {', '\t\t\te.printStackTrace();', '\t\t}', '\t}']","{'public': 1, 'void': 1, 'service': 1, 'TOKEN_VARIABLE': 47, 'throws': 1, 'getWriter': 1, 'setContentType': 1, 'String': 2, 'getParameter': 2, 'try': 1, 'getCon': 1, 'prepareStatement': 1, 'STRING_LITERAL': 19, 'INTEGER_LITERAL': 12, 'setString': 2, 'executeQuery': 1, 'if': 1, 'next': 1, 'getRequestDispatcher': 2, 'include': 2, 'println': 5, 'catch': 1, 'printStackTrace': 1}",CodeBlock1,D:/projects/Test_project_Codeclonetracer/onlinebookstore-J2EE\OnlineBookStore\servlets\AddBookServlet.java,0.7,0.7142857142857143,0.8,4,3,2022-10-09 19:46:30.887594
6,CodeBlock6,12,41,D:/projects/Test_project_Codeclonetracer/onlinebookstore-J2EE\OnlineBookStore\servlets\UserLoginServlet.java,"['\tpublic void service(ServletRequest req, ServletResponse res) throws IOException, ServletException {', '\t\tPrintWriter pw = res.getWriter();', '\t\tres.setContentType(IOnlineBookStoreConstants.CONTENT_TYPE_TEXT_HTML);', '\t\tString uName = req.getParameter(IUserContants.COLUMN_USERNAME);', '\t\tString pWord = req.getParameter(IUserContants.COLUMN_PASSWORD);', '\t\ttry {', '\t\t\tConnection con = DBConnection.getCon();', '\t\t\tPreparedStatement ps = con.prepareStatement(""SELECT * FROM "" + IUserContants.TABLE_USERS + "" WHERE ""', '\t\t\t\t\t+ IUserContants.COLUMN_USERNAME + ""=? AND "" + IUserContants.COLUMN_PASSWORD + ""=? AND "" + IUserContants.COLUMN_USERTYPE + ""=2"");', '\t\t\tps.setString(1, uName);', '\t\t\tps.setString(2, pWord);', '\t\t\tResultSet rs = ps.executeQuery();', '\t\t\tif (rs.next()) {', '\t\t\t\tRequestDispatcher rd = req.getRequestDispatcher(""Sample.html"");', '\t\t\t\trd.include(req, res);', '\t\t\t\tpw.println(""<div class=\\""home hd brown\\"">Welcome ! "" + uName + ""</div><br/>"");', '\t\t\t\tpw.println(""<div class=\\""tab hd brown\\"">User Login Successful !</div><br/>"");', '\t\t\t\tpw.println(""<div class=\\""tab\\""><a href=\\""viewbook\\"">VIEW BOOKS</a></div>"");', '\t\t\t\tpw.println(""<div class=\'tab\'><a href=\\""buybook\\"">BUY BOOKS</a></div>"");', '\t\t\t} else {', '', '\t\t\t\tRequestDispatcher rd = req.getRequestDispatcher(""UserLogin.html"");', '\t\t\t\trd.include(req, res);', '\t\t\t\tpw.println(""<div class=\\""tab\\"">Incorrect UserName or PassWord</div>"");', '\t\t\t}', '', '\t\t} catch (Exception e) {', '\t\t\te.printStackTrace();', '\t\t}', '\t}']","{'public': 1, 'void': 1, 'service': 1, 'TOKEN_VARIABLE': 47, 'throws': 1, 'getWriter': 1, 'setContentType': 1, 'String': 2, 'getParameter': 2, 'try': 1, 'getCon': 1, 'prepareStatement': 1, 'STRING_LITERAL': 19, 'INTEGER_LITERAL': 12, 'setString': 2, 'executeQuery': 1, 'if': 1, 'next': 1, 'getRequestDispatcher': 2, 'include': 2, 'println': 5, 'catch': 1, 'printStackTrace': 1}",CodeBlock2,D:/projects/Test_project_Codeclonetracer/onlinebookstore-J2EE\OnlineBookStore\servlets\AdminLoginServlet.java,0.9285714285714286,0.8095238095238095,0.9,4,3,2022-10-09 19:46:30.887594
7,CodeBlock6,12,41,D:/projects/Test_project_Codeclonetracer/onlinebookstore-J2EE\OnlineBookStore\servlets\UserLoginServlet.java,"['\tpublic void service(ServletRequest req, ServletResponse res) throws IOException, ServletException {', '\t\tPrintWriter pw = res.getWriter();', '\t\tres.setContentType(IOnlineBookStoreConstants.CONTENT_TYPE_TEXT_HTML);', '\t\tString uName = req.getParameter(IUserContants.COLUMN_USERNAME);', '\t\tString pWord = req.getParameter(IUserContants.COLUMN_PASSWORD);', '\t\ttry {', '\t\t\tConnection con = DBConnection.getCon();', '\t\t\tPreparedStatement ps = con.prepareStatement(""SELECT * FROM "" + IUserContants.TABLE_USERS + "" WHERE ""', '\t\t\t\t\t+ IUserContants.COLUMN_USERNAME + ""=? AND "" + IUserContants.COLUMN_PASSWORD + ""=? AND "" + IUserContants.COLUMN_USERTYPE + ""=2"");', '\t\t\tps.setString(1, uName);', '\t\t\tps.setString(2, pWord);', '\t\t\tResultSet rs = ps.executeQuery();', '\t\t\tif (rs.next()) {', '\t\t\t\tRequestDispatcher rd = req.getRequestDispatcher(""Sample.html"");', '\t\t\t\trd.include(req, res);', '\t\t\t\tpw.println(""<div class=\\""home hd brown\\"">Welcome ! "" + uName + ""</div><br/>"");', '\t\t\t\tpw.println(""<div class=\\""tab hd brown\\"">User Login Successful !</div><br/>"");', '\t\t\t\tpw.println(""<div class=\\""tab\\""><a href=\\""viewbook\\"">VIEW BOOKS</a></div>"");', '\t\t\t\tpw.println(""<div class=\'tab\'><a href=\\""buybook\\"">BUY BOOKS</a></div>"");', '\t\t\t} else {', '', '\t\t\t\tRequestDispatcher rd = req.getRequestDispatcher(""UserLogin.html"");', '\t\t\t\trd.include(req, res);', '\t\t\t\tpw.println(""<div class=\\""tab\\"">Incorrect UserName or PassWord</div>"");', '\t\t\t}', '', '\t\t} catch (Exception e) {', '\t\t\te.printStackTrace();', '\t\t}', '\t}']","{'public': 1, 'void': 1, 'service': 1, 'TOKEN_VARIABLE': 47, 'throws': 1, 'getWriter': 1, 'setContentType': 1, 'String': 2, 'getParameter': 2, 'try': 1, 'getCon': 1, 'prepareStatement': 1, 'STRING_LITERAL': 19, 'INTEGER_LITERAL': 12, 'setString': 2, 'executeQuery': 1, 'if': 1, 'next': 1, 'getRequestDispatcher': 2, 'include': 2, 'println': 5, 'catch': 1, 'printStackTrace': 1}",CodeBlock7,D:/projects/Test_project_Codeclonetracer/onlinebookstore-J2EE\OnlineBookStore\servlets\UserRegisterServlet.java,0.7007874015748031,0.6521739130434783,0.7777777777777778,4,3,2022-10-09 19:46:30.887594
8,CodeBlock7,12,48,D:/projects/Test_project_Codeclonetracer/onlinebookstore-J2EE\OnlineBookStore\servlets\UserRegisterServlet.java,"['\tpublic void service(ServletRequest req, ServletResponse res) throws IOException, ServletException {', '\t\tPrintWriter pw = res.getWriter();', '\t\tres.setContentType(IOnlineBookStoreConstants.CONTENT_TYPE_TEXT_HTML);', '', '\t\tString uName = req.getParameter(IUserContants.COLUMN_USERNAME);', '\t\tString pWord = req.getParameter(IUserContants.COLUMN_PASSWORD);', '\t\tString fName = req.getParameter(IUserContants.COLUMN_FIRSTNAME);', '\t\tString lName = req.getParameter(IUserContants.COLUMN_LASTNAME);', '\t\tString addr = req.getParameter(IUserContants.COLUMN_ADDRESS);', '\t\tString phNo = req.getParameter(IUserContants.COLUMN_PHONE);', '\t\tString mailId = req.getParameter(IUserContants.COLUMN_MAILID);', '\t\ttry {', '\t\t\tConnection con = DBConnection.getCon();', '\t\t\tPreparedStatement ps = con', '\t\t\t\t\t.prepareStatement(""insert into "" + IUserContants.TABLE_USERS + ""  values(?,?,?,?,?,?,?,?)"");', '\t\t\tps.setString(1, uName);', '\t\t\tps.setString(2, pWord);', '\t\t\tps.setString(3, fName);', '\t\t\tps.setString(4, lName);', '\t\t\tps.setString(5, addr);', '\t\t\tps.setString(6, phNo);', '\t\t\tps.setString(7, mailId);', '\t\t\tps.setInt(8, 2);', '\t\t\tint k = ps.executeUpdate();', '\t\t\tif (k == 1) {', '\t\t\t\tRequestDispatcher rd = req.getRequestDispatcher(""Sample.html"");', '\t\t\t\trd.include(req, res);', '\t\t\t\tpw.println(""<h3 class=\'tab\'>User Registered Successfully</h3>"");', '\t\t\t} else {', '\t\t\t\tRequestDispatcher rd = req.getRequestDispatcher(""userreg"");', '\t\t\t\trd.include(req, res);', '\t\t\t\tpw.println(""Sorry for interruption! Register again""); { ', '\t\t\t}', '\t\t} catch (Exception e) {', '\t\t\te.printStackTrace(); } ', '\t\t}', '\t}']","{'public': 1, 'void': 1, 'service': 1, 'TOKEN_VARIABLE': 49, 'throws': 1, 'getWriter': 1, 'setContentType': 1, 'String': 7, 'getParameter': 7, 'try': 1, 'getCon': 1, 'prepareStatement': 1, 'STRING_LITERAL': 6, 'INTEGER_LITERAL': 12, 'setString': 7, 'setInt': 1, 'int': 1, 'executeUpdate': 1, 'if': 1, 'getRequestDispatcher': 2, 'include': 2, 'println': 2, 'catch': 1, 'printStackTrace': 1}",CodeBlock2,D:/projects/Test_project_Codeclonetracer/onlinebookstore-J2EE\OnlineBookStore\servlets\AdminLoginServlet.java,0.6515151515151515,0.6521739130434783,0.7,4,3,2022-10-09 19:46:30.887594
9,CodeBlock7,12,48,D:/projects/Test_project_Codeclonetracer/onlinebookstore-J2EE\OnlineBookStore\servlets\UserRegisterServlet.java,"['\tpublic void service(ServletRequest req, ServletResponse res) throws IOException, ServletException {', '\t\tPrintWriter pw = res.getWriter();', '\t\tres.setContentType(IOnlineBookStoreConstants.CONTENT_TYPE_TEXT_HTML);', '', '\t\tString uName = req.getParameter(IUserContants.COLUMN_USERNAME);', '\t\tString pWord = req.getParameter(IUserContants.COLUMN_PASSWORD);', '\t\tString fName = req.getParameter(IUserContants.COLUMN_FIRSTNAME);', '\t\tString lName = req.getParameter(IUserContants.COLUMN_LASTNAME);', '\t\tString addr = req.getParameter(IUserContants.COLUMN_ADDRESS);', '\t\tString phNo = req.getParameter(IUserContants.COLUMN_PHONE);', '\t\tString mailId = req.getParameter(IUserContants.COLUMN_MAILID);', '\t\ttry {', '\t\t\tConnection con = DBConnection.getCon();', '\t\t\tPreparedStatement ps = con', '\t\t\t\t\t.prepareStatement(""insert into "" + IUserContants.TABLE_USERS + ""  values(?,?,?,?,?,?,?,?)"");', '\t\t\tps.setString(1, uName);', '\t\t\tps.setString(2, pWord);', '\t\t\tps.setString(3, fName);', '\t\t\tps.setString(4, lName);', '\t\t\tps.setString(5, addr);', '\t\t\tps.setString(6, phNo);', '\t\t\tps.setString(7, mailId);', '\t\t\tps.setInt(8, 2);', '\t\t\tint k = ps.executeUpdate();', '\t\t\tif (k == 1) {', '\t\t\t\tRequestDispatcher rd = req.getRequestDispatcher(""Sample.html"");', '\t\t\t\trd.include(req, res);', '\t\t\t\tpw.println(""<h3 class=\'tab\'>User Registered Successfully</h3>"");', '\t\t\t} else {', '\t\t\t\tRequestDispatcher rd = req.getRequestDispatcher(""userreg"");', '\t\t\t\trd.include(req, res);', '\t\t\t\tpw.println(""Sorry for interruption! Register again""); { ', '\t\t\t}', '\t\t} catch (Exception e) {', '\t\t\te.printStackTrace(); } ', '\t\t}', '\t}']","{'public': 1, 'void': 1, 'service': 1, 'TOKEN_VARIABLE': 49, 'throws': 1, 'getWriter': 1, 'setContentType': 1, 'String': 7, 'getParameter': 7, 'try': 1, 'getCon': 1, 'prepareStatement': 1, 'STRING_LITERAL': 6, 'INTEGER_LITERAL': 12, 'setString': 7, 'setInt': 1, 'int': 1, 'executeUpdate': 1, 'if': 1, 'getRequestDispatcher': 2, 'include': 2, 'println': 2, 'catch': 1, 'printStackTrace': 1}",CodeBlock6,D:/projects/Test_project_Codeclonetracer/onlinebookstore-J2EE\OnlineBookStore\servlets\UserLoginServlet.java,0.7007874015748031,0.6521739130434783,0.7777777777777778,4,3,2022-10-09 19:46:30.887594
10,CodeBlock1,17,55,D:/projects/Test_project_Codeclonetracer/onlinebookstore-J2EE\OnlineBookStore\servlets\AddBookServlet.java,"['\tpublic void service(ServletRequest req,ServletResponse res) throws IOException,ServletException', '\t{', '\t\tPrintWriter pw = res.getWriter();', '\t\t', '\t\tres.setContentType(IOnlineBookStoreConstants.CONTENT_TYPE_TEXT_HTML);', '\t\t', '\t\tString bCode = req.getParameter(IBookConstants.COLUMN_BARCODE);', '\t\tString bName = req.getParameter(IBookConstants.COLUMN_NAME);', '\t\tString bAuthor = req.getParameter(IBookConstants.COLUMN_AUTHOR);', '\t\tint bPrice =Integer.parseInt(req.getParameter(IBookConstants.COLUMN_PRICE));', '\t\tint bQty = Integer.parseInt(req.getParameter(IBookConstants.COLUMN_QUANTITY));', '\t\t', '\t\ttry {', '\t\t\tConnection con = DBConnection.getCon();', '\t\t\tPreparedStatement ps = con.prepareStatement(""insert into "" + IBookConstants.TABLE_BOOK + ""  values(?,?,?,?,?)"");', '\t\t\tps.setString(1, bCode);', '\t\t\tps.setString(2, bName);', '\t\t\tps.setString(3, bAuthor);', '\t\t\tps.setInt(4, bPrice);', '\t\t\tps.setInt(5, bQty);', '\t\t\tint k = ps.executeUpdate();', '\t\t\tif(k==1)', '\t\t\t{', '\t\t\t\tRequestDispatcher rd = req.getRequestDispatcher(""AddBook.html"");', '\t\t\t\trd.include(req, res);', '\t\t\t\tpw.println(""<div class=\\""tab\\"">Book Detail Updated Successfully!<br/>Add More Books</div>"");', '\t\t\t}', '\t\t\telse', '\t\t\t{', '\t\t\t\tRequestDispatcher rd = req.getRequestDispatcher(""AddBook.html"");', '\t\t\t\tpw.println(""<div class=\\""tab\\"">Failed to Add Books! Fill up CareFully</div>"");', '\t\t\t\trd.include(req, res);', '\t\t\t}', '\t\t}', '\t\tcatch(Exception e)', '\t\t{', '\t\t\te.printStackTrace();', '\t\t}', '\t}']","{'public': 1, 'void': 1, 'service': 1, 'TOKEN_VARIABLE': 44, 'throws': 1, 'getWriter': 1, 'setContentType': 1, 'String': 3, 'getParameter': 5, 'int': 3, 'parseInt': 2, 'try': 1, 'getCon': 1, 'prepareStatement': 1, 'STRING_LITERAL': 8, 'INTEGER_LITERAL': 8, 'setString': 3, 'setInt': 2, 'executeUpdate': 1, 'if': 1, 'getRequestDispatcher': 2, 'include': 2, 'println': 2, 'catch': 1, 'printStackTrace': 1}",CodeBlock2,D:/projects/Test_project_Codeclonetracer/onlinebookstore-J2EE\OnlineBookStore\servlets\AdminLoginServlet.java,0.6885245901639344,0.7142857142857143,0.8,4,2,2022-10-09 19:46:30.887594
11,CodeBlock1,17,55,D:/projects/Test_project_Codeclonetracer/onlinebookstore-J2EE\OnlineBookStore\servlets\AddBookServlet.java,"['\tpublic void service(ServletRequest req,ServletResponse res) throws IOException,ServletException', '\t{', '\t\tPrintWriter pw = res.getWriter();', '\t\t', '\t\tres.setContentType(IOnlineBookStoreConstants.CONTENT_TYPE_TEXT_HTML);', '\t\t', '\t\tString bCode = req.getParameter(IBookConstants.COLUMN_BARCODE);', '\t\tString bName = req.getParameter(IBookConstants.COLUMN_NAME);', '\t\tString bAuthor = req.getParameter(IBookConstants.COLUMN_AUTHOR);', '\t\tint bPrice =Integer.parseInt(req.getParameter(IBookConstants.COLUMN_PRICE));', '\t\tint bQty = Integer.parseInt(req.getParameter(IBookConstants.COLUMN_QUANTITY));', '\t\t', '\t\ttry {', '\t\t\tConnection con = DBConnection.getCon();', '\t\t\tPreparedStatement ps = con.prepareStatement(""insert into "" + IBookConstants.TABLE_BOOK + ""  values(?,?,?,?,?)"");', '\t\t\tps.setString(1, bCode);', '\t\t\tps.setString(2, bName);', '\t\t\tps.setString(3, bAuthor);', '\t\t\tps.setInt(4, bPrice);', '\t\t\tps.setInt(5, bQty);', '\t\t\tint k = ps.executeUpdate();', '\t\t\tif(k==1)', '\t\t\t{', '\t\t\t\tRequestDispatcher rd = req.getRequestDispatcher(""AddBook.html"");', '\t\t\t\trd.include(req, res);', '\t\t\t\tpw.println(""<div class=\\""tab\\"">Book Detail Updated Successfully!<br/>Add More Books</div>"");', '\t\t\t}', '\t\t\telse', '\t\t\t{', '\t\t\t\tRequestDispatcher rd = req.getRequestDispatcher(""AddBook.html"");', '\t\t\t\tpw.println(""<div class=\\""tab\\"">Failed to Add Books! Fill up CareFully</div>"");', '\t\t\t\trd.include(req, res);', '\t\t\t}', '\t\t}', '\t\tcatch(Exception e)', '\t\t{', '\t\t\te.printStackTrace();', '\t\t}', '\t}']","{'public': 1, 'void': 1, 'service': 1, 'TOKEN_VARIABLE': 44, 'throws': 1, 'getWriter': 1, 'setContentType': 1, 'String': 3, 'getParameter': 5, 'int': 3, 'parseInt': 2, 'try': 1, 'getCon': 1, 'prepareStatement': 1, 'STRING_LITERAL': 8, 'INTEGER_LITERAL': 8, 'setString': 3, 'setInt': 2, 'executeUpdate': 1, 'if': 1, 'getRequestDispatcher': 2, 'include': 2, 'println': 2, 'catch': 1, 'printStackTrace': 1}",CodeBlock6,D:/projects/Test_project_Codeclonetracer/onlinebookstore-J2EE\OnlineBookStore\servlets\UserLoginServlet.java,0.7,0.7142857142857143,0.8,4,2,2022-10-09 19:46:30.887594
12,CodeBlock2,14,47,D:/projects/Test_project_Codeclonetracer/onlinebookstore-J2EE\OnlineBookStore\servlets\AdminLoginServlet.java,"['\tpublic void service(ServletRequest req, ServletResponse res) throws IOException, ServletException {', '\t\tPrintWriter pw = res.getWriter();', '\t\tres.setContentType(IOnlineBookStoreConstants.CONTENT_TYPE_TEXT_HTML);', '\t\tString uName = req.getParameter(IUserContants.COLUMN_USERNAME);', '\t\tString pWord = req.getParameter(IUserContants.COLUMN_PASSWORD);', '\t\ttry {', '\t\t\tConnection con = DBConnection.getCon();', '\t\t\tPreparedStatement ps = con.prepareStatement(""SELECT * FROM "" + IUserContants.TABLE_USERS + "" WHERE  ""', '\t\t\t\t\t+ IUserContants.COLUMN_USERNAME + ""=? AND "" + IUserContants.COLUMN_PASSWORD + ""=? AND ""', '\t\t\t\t\t+ IUserContants.COLUMN_USERTYPE + ""=1"");', '\t\t\tps.setString(1, uName);', '\t\t\tps.setString(2, pWord);', '\t\t\tResultSet rs = ps.executeQuery();', '\t\t\tif (rs.next()) {', '\t\t\t\tRequestDispatcher rd = req.getRequestDispatcher(""Sample.html"");', '\t\t\t\t', '\t\t\t\tCookie ck = new Cookie(""usertype"",""admin"");', '\t\t\t\t', '\t\t\t\trd.include(req, res);', '\t\t\t\tpw.println(""<div class=\\""tab\\"">Admin login Successful</div>"");', '\t\t\t\tpw.println(""<div class=\\""tab\\""><br/><a href=\\""AddBook.html\\"">ADD BOOKS</a><br/></div>"");', '\t\t\t\tpw.println(""<div class=\\""tab\\""><br/><a href=\\""RemoveBooks.html\\"">REMOVE BOOKS</a><br/></div>"");', '\t\t\t\tpw.println(""<div class=\\""tab\\""><br/><a href=\\""viewbook\\"">VIEW BOOKS</a></div>"");', '\t\t\t} else {', '', '\t\t\t\tRequestDispatcher rd = req.getRequestDispatcher(""AdminLogin.html"");', '\t\t\t\trd.include(req, res);', '\t\t\t\tpw.println(""<div class=\\""tab\\"">Incorrect UserName or PassWord</div>"");', '\t\t\t}', '', '\t\t} catch (Exception e) {', '\t\t\te.printStackTrace();', '\t\t}', '\t}']","{'public': 1, 'void': 1, 'service': 1, 'TOKEN_VARIABLE': 46, 'throws': 1, 'getWriter': 1, 'setContentType': 1, 'String': 2, 'getParameter': 2, 'try': 1, 'getCon': 1, 'prepareStatement': 1, 'STRING_LITERAL': 22, 'INTEGER_LITERAL': 10, 'setString': 2, 'executeQuery': 1, 'if': 1, 'next': 1, 'getRequestDispatcher': 2, 'new': 1, 'Cookie': 1, 'include': 2, 'println': 5, 'catch': 1, 'printStackTrace': 1}",CodeBlock1,D:/projects/Test_project_Codeclonetracer/onlinebookstore-J2EE\OnlineBookStore\servlets\AddBookServlet.java,0.6885245901639344,0.7142857142857143,0.8,4,2,2022-10-09 19:46:30.887594
13,CodeBlock2,14,47,D:/projects/Test_project_Codeclonetracer/onlinebookstore-J2EE\OnlineBookStore\servlets\AdminLoginServlet.java,"['\tpublic void service(ServletRequest req, ServletResponse res) throws IOException, ServletException {', '\t\tPrintWriter pw = res.getWriter();', '\t\tres.setContentType(IOnlineBookStoreConstants.CONTENT_TYPE_TEXT_HTML);', '\t\tString uName = req.getParameter(IUserContants.COLUMN_USERNAME);', '\t\tString pWord = req.getParameter(IUserContants.COLUMN_PASSWORD);', '\t\ttry {', '\t\t\tConnection con = DBConnection.getCon();', '\t\t\tPreparedStatement ps = con.prepareStatement(""SELECT * FROM "" + IUserContants.TABLE_USERS + "" WHERE  ""', '\t\t\t\t\t+ IUserContants.COLUMN_USERNAME + ""=? AND "" + IUserContants.COLUMN_PASSWORD + ""=? AND ""', '\t\t\t\t\t+ IUserContants.COLUMN_USERTYPE + ""=1"");', '\t\t\tps.setString(1, uName);', '\t\t\tps.setString(2, pWord);', '\t\t\tResultSet rs = ps.executeQuery();', '\t\t\tif (rs.next()) {', '\t\t\t\tRequestDispatcher rd = req.getRequestDispatcher(""Sample.html"");', '\t\t\t\t', '\t\t\t\tCookie ck = new Cookie(""usertype"",""admin"");', '\t\t\t\t', '\t\t\t\trd.include(req, res);', '\t\t\t\tpw.println(""<div class=\\""tab\\"">Admin login Successful</div>"");', '\t\t\t\tpw.println(""<div class=\\""tab\\""><br/><a href=\\""AddBook.html\\"">ADD BOOKS</a><br/></div>"");', '\t\t\t\tpw.println(""<div class=\\""tab\\""><br/><a href=\\""RemoveBooks.html\\"">REMOVE BOOKS</a><br/></div>"");', '\t\t\t\tpw.println(""<div class=\\""tab\\""><br/><a href=\\""viewbook\\"">VIEW BOOKS</a></div>"");', '\t\t\t} else {', '', '\t\t\t\tRequestDispatcher rd = req.getRequestDispatcher(""AdminLogin.html"");', '\t\t\t\trd.include(req, res);', '\t\t\t\tpw.println(""<div class=\\""tab\\"">Incorrect UserName or PassWord</div>"");', '\t\t\t}', '', '\t\t} catch (Exception e) {', '\t\t\te.printStackTrace();', '\t\t}', '\t}']","{'public': 1, 'void': 1, 'service': 1, 'TOKEN_VARIABLE': 46, 'throws': 1, 'getWriter': 1, 'setContentType': 1, 'String': 2, 'getParameter': 2, 'try': 1, 'getCon': 1, 'prepareStatement': 1, 'STRING_LITERAL': 22, 'INTEGER_LITERAL': 10, 'setString': 2, 'executeQuery': 1, 'if': 1, 'next': 1, 'getRequestDispatcher': 2, 'new': 1, 'Cookie': 1, 'include': 2, 'println': 5, 'catch': 1, 'printStackTrace': 1}",CodeBlock6,D:/projects/Test_project_Codeclonetracer/onlinebookstore-J2EE\OnlineBookStore\servlets\UserLoginServlet.java,0.9285714285714286,0.8095238095238095,0.9,4,2,2022-10-09 19:46:30.887594
14,CodeBlock2,14,47,D:/projects/Test_project_Codeclonetracer/onlinebookstore-J2EE\OnlineBookStore\servlets\AdminLoginServlet.java,"['\tpublic void service(ServletRequest req, ServletResponse res) throws IOException, ServletException {', '\t\tPrintWriter pw = res.getWriter();', '\t\tres.setContentType(IOnlineBookStoreConstants.CONTENT_TYPE_TEXT_HTML);', '\t\tString uName = req.getParameter(IUserContants.COLUMN_USERNAME);', '\t\tString pWord = req.getParameter(IUserContants.COLUMN_PASSWORD);', '\t\ttry {', '\t\t\tConnection con = DBConnection.getCon();', '\t\t\tPreparedStatement ps = con.prepareStatement(""SELECT * FROM "" + IUserContants.TABLE_USERS + "" WHERE  ""', '\t\t\t\t\t+ IUserContants.COLUMN_USERNAME + ""=? AND "" + IUserContants.COLUMN_PASSWORD + ""=? AND ""', '\t\t\t\t\t+ IUserContants.COLUMN_USERTYPE + ""=1"");', '\t\t\tps.setString(1, uName);', '\t\t\tps.setString(2, pWord);', '\t\t\tResultSet rs = ps.executeQuery();', '\t\t\tif (rs.next()) {', '\t\t\t\tRequestDispatcher rd = req.getRequestDispatcher(""Sample.html"");', '\t\t\t\t', '\t\t\t\tCookie ck = new Cookie(""usertype"",""admin"");', '\t\t\t\t', '\t\t\t\trd.include(req, res);', '\t\t\t\tpw.println(""<div class=\\""tab\\"">Admin login Successful</div>"");', '\t\t\t\tpw.println(""<div class=\\""tab\\""><br/><a href=\\""AddBook.html\\"">ADD BOOKS</a><br/></div>"");', '\t\t\t\tpw.println(""<div class=\\""tab\\""><br/><a href=\\""RemoveBooks.html\\"">REMOVE BOOKS</a><br/></div>"");', '\t\t\t\tpw.println(""<div class=\\""tab\\""><br/><a href=\\""viewbook\\"">VIEW BOOKS</a></div>"");', '\t\t\t} else {', '', '\t\t\t\tRequestDispatcher rd = req.getRequestDispatcher(""AdminLogin.html"");', '\t\t\t\trd.include(req, res);', '\t\t\t\tpw.println(""<div class=\\""tab\\"">Incorrect UserName or PassWord</div>"");', '\t\t\t}', '', '\t\t} catch (Exception e) {', '\t\t\te.printStackTrace();', '\t\t}', '\t}']","{'public': 1, 'void': 1, 'service': 1, 'TOKEN_VARIABLE': 46, 'throws': 1, 'getWriter': 1, 'setContentType': 1, 'String': 2, 'getParameter': 2, 'try': 1, 'getCon': 1, 'prepareStatement': 1, 'STRING_LITERAL': 22, 'INTEGER_LITERAL': 10, 'setString': 2, 'executeQuery': 1, 'if': 1, 'next': 1, 'getRequestDispatcher': 2, 'new': 1, 'Cookie': 1, 'include': 2, 'println': 5, 'catch': 1, 'printStackTrace': 1}",CodeBlock7,D:/projects/Test_project_Codeclonetracer/onlinebookstore-J2EE\OnlineBookStore\servlets\UserRegisterServlet.java,0.6515151515151515,0.6521739130434783,0.7,4,2,2022-10-09 19:46:30.887594
15,CodeBlock6,12,41,D:/projects/Test_project_Codeclonetracer/onlinebookstore-J2EE\OnlineBookStore\servlets\UserLoginServlet.java,"['\tpublic void service(ServletRequest req, ServletResponse res) throws IOException, ServletException {', '\t\tPrintWriter pw = res.getWriter();', '\t\tres.setContentType(IOnlineBookStoreConstants.CONTENT_TYPE_TEXT_HTML);', '\t\tString uName = req.getParameter(IUserContants.COLUMN_USERNAME);', '\t\tString pWord = req.getParameter(IUserContants.COLUMN_PASSWORD);', '\t\ttry {', '\t\t\tConnection con = DBConnection.getCon();', '\t\t\tPreparedStatement ps = con.prepareStatement(""SELECT * FROM "" + IUserContants.TABLE_USERS + "" WHERE ""', '\t\t\t\t\t+ IUserContants.COLUMN_USERNAME + ""=? AND "" + IUserContants.COLUMN_PASSWORD + ""=? AND "" + IUserContants.COLUMN_USERTYPE + ""=2"");', '\t\t\tps.setString(1, uName);', '\t\t\tps.setString(2, pWord);', '\t\t\tResultSet rs = ps.executeQuery();', '\t\t\tif (rs.next()) {', '\t\t\t\tRequestDispatcher rd = req.getRequestDispatcher(""Sample.html"");', '\t\t\t\trd.include(req, res);', '\t\t\t\tpw.println(""<div class=\\""home hd brown\\"">Welcome ! "" + uName + ""</div><br/>"");', '\t\t\t\tpw.println(""<div class=\\""tab hd brown\\"">User Login Successful !</div><br/>"");', '\t\t\t\tpw.println(""<div class=\\""tab\\""><a href=\\""viewbook\\"">VIEW BOOKS</a></div>"");', '\t\t\t\tpw.println(""<div class=\'tab\'><a href=\\""buybook\\"">BUY BOOKS</a></div>"");', '\t\t\t} else {', '', '\t\t\t\tRequestDispatcher rd = req.getRequestDispatcher(""UserLogin.html"");', '\t\t\t\trd.include(req, res);', '\t\t\t\tpw.println(""<div class=\\""tab\\"">Incorrect UserName or PassWord</div>"");', '\t\t\t}', '', '\t\t} catch (Exception e) {', '\t\t\te.printStackTrace();', '\t\t}', '\t}']","{'public': 1, 'void': 1, 'service': 1, 'TOKEN_VARIABLE': 47, 'throws': 1, 'getWriter': 1, 'setContentType': 1, 'String': 2, 'getParameter': 2, 'try': 1, 'getCon': 1, 'prepareStatement': 1, 'STRING_LITERAL': 19, 'INTEGER_LITERAL': 12, 'setString': 2, 'executeQuery': 1, 'if': 1, 'next': 1, 'getRequestDispatcher': 2, 'include': 2, 'println': 5, 'catch': 1, 'printStackTrace': 1}",CodeBlock1,D:/projects/Test_project_Codeclonetracer/onlinebookstore-J2EE\OnlineBookStore\servlets\AddBookServlet.java,0.7,0.7142857142857143,0.8,4,2,2022-10-09 19:46:30.887594
16,CodeBlock6,12,41,D:/projects/Test_project_Codeclonetracer/onlinebookstore-J2EE\OnlineBookStore\servlets\UserLoginServlet.java,"['\tpublic void service(ServletRequest req, ServletResponse res) throws IOException, ServletException {', '\t\tPrintWriter pw = res.getWriter();', '\t\tres.setContentType(IOnlineBookStoreConstants.CONTENT_TYPE_TEXT_HTML);', '\t\tString uName = req.getParameter(IUserContants.COLUMN_USERNAME);', '\t\tString pWord = req.getParameter(IUserContants.COLUMN_PASSWORD);', '\t\ttry {', '\t\t\tConnection con = DBConnection.getCon();', '\t\t\tPreparedStatement ps = con.prepareStatement(""SELECT * FROM "" + IUserContants.TABLE_USERS + "" WHERE ""', '\t\t\t\t\t+ IUserContants.COLUMN_USERNAME + ""=? AND "" + IUserContants.COLUMN_PASSWORD + ""=? AND "" + IUserContants.COLUMN_USERTYPE + ""=2"");', '\t\t\tps.setString(1, uName);', '\t\t\tps.setString(2, pWord);', '\t\t\tResultSet rs = ps.executeQuery();', '\t\t\tif (rs.next()) {', '\t\t\t\tRequestDispatcher rd = req.getRequestDispatcher(""Sample.html"");', '\t\t\t\trd.include(req, res);', '\t\t\t\tpw.println(""<div class=\\""home hd brown\\"">Welcome ! "" + uName + ""</div><br/>"");', '\t\t\t\tpw.println(""<div class=\\""tab hd brown\\"">User Login Successful !</div><br/>"");', '\t\t\t\tpw.println(""<div class=\\""tab\\""><a href=\\""viewbook\\"">VIEW BOOKS</a></div>"");', '\t\t\t\tpw.println(""<div class=\'tab\'><a href=\\""buybook\\"">BUY BOOKS</a></div>"");', '\t\t\t} else {', '', '\t\t\t\tRequestDispatcher rd = req.getRequestDispatcher(""UserLogin.html"");', '\t\t\t\trd.include(req, res);', '\t\t\t\tpw.println(""<div class=\\""tab\\"">Incorrect UserName or PassWord</div>"");', '\t\t\t}', '', '\t\t} catch (Exception e) {', '\t\t\te.printStackTrace();', '\t\t}', '\t}']","{'public': 1, 'void': 1, 'service': 1, 'TOKEN_VARIABLE': 47, 'throws': 1, 'getWriter': 1, 'setContentType': 1, 'String': 2, 'getParameter': 2, 'try': 1, 'getCon': 1, 'prepareStatement': 1, 'STRING_LITERAL': 19, 'INTEGER_LITERAL': 12, 'setString': 2, 'executeQuery': 1, 'if': 1, 'next': 1, 'getRequestDispatcher': 2, 'include': 2, 'println': 5, 'catch': 1, 'printStackTrace': 1}",CodeBlock2,D:/projects/Test_project_Codeclonetracer/onlinebookstore-J2EE\OnlineBookStore\servlets\AdminLoginServlet.java,0.9285714285714286,0.8095238095238095,0.9,4,2,2022-10-09 19:46:30.887594
17,CodeBlock6,12,41,D:/projects/Test_project_Codeclonetracer/onlinebookstore-J2EE\OnlineBookStore\servlets\UserLoginServlet.java,"['\tpublic void service(ServletRequest req, ServletResponse res) throws IOException, ServletException {', '\t\tPrintWriter pw = res.getWriter();', '\t\tres.setContentType(IOnlineBookStoreConstants.CONTENT_TYPE_TEXT_HTML);', '\t\tString uName = req.getParameter(IUserContants.COLUMN_USERNAME);', '\t\tString pWord = req.getParameter(IUserContants.COLUMN_PASSWORD);', '\t\ttry {', '\t\t\tConnection con = DBConnection.getCon();', '\t\t\tPreparedStatement ps = con.prepareStatement(""SELECT * FROM "" + IUserContants.TABLE_USERS + "" WHERE ""', '\t\t\t\t\t+ IUserContants.COLUMN_USERNAME + ""=? AND "" + IUserContants.COLUMN_PASSWORD + ""=? AND "" + IUserContants.COLUMN_USERTYPE + ""=2"");', '\t\t\tps.setString(1, uName);', '\t\t\tps.setString(2, pWord);', '\t\t\tResultSet rs = ps.executeQuery();', '\t\t\tif (rs.next()) {', '\t\t\t\tRequestDispatcher rd = req.getRequestDispatcher(""Sample.html"");', '\t\t\t\trd.include(req, res);', '\t\t\t\tpw.println(""<div class=\\""home hd brown\\"">Welcome ! "" + uName + ""</div><br/>"");', '\t\t\t\tpw.println(""<div class=\\""tab hd brown\\"">User Login Successful !</div><br/>"");', '\t\t\t\tpw.println(""<div class=\\""tab\\""><a href=\\""viewbook\\"">VIEW BOOKS</a></div>"");', '\t\t\t\tpw.println(""<div class=\'tab\'><a href=\\""buybook\\"">BUY BOOKS</a></div>"");', '\t\t\t} else {', '', '\t\t\t\tRequestDispatcher rd = req.getRequestDispatcher(""UserLogin.html"");', '\t\t\t\trd.include(req, res);', '\t\t\t\tpw.println(""<div class=\\""tab\\"">Incorrect UserName or PassWord</div>"");', '\t\t\t}', '', '\t\t} catch (Exception e) {', '\t\t\te.printStackTrace();', '\t\t}', '\t}']","{'public': 1, 'void': 1, 'service': 1, 'TOKEN_VARIABLE': 47, 'throws': 1, 'getWriter': 1, 'setContentType': 1, 'String': 2, 'getParameter': 2, 'try': 1, 'getCon': 1, 'prepareStatement': 1, 'STRING_LITERAL': 19, 'INTEGER_LITERAL': 12, 'setString': 2, 'executeQuery': 1, 'if': 1, 'next': 1, 'getRequestDispatcher': 2, 'include': 2, 'println': 5, 'catch': 1, 'printStackTrace': 1}",CodeBlock7,D:/projects/Test_project_Codeclonetracer/onlinebookstore-J2EE\OnlineBookStore\servlets\UserRegisterServlet.java,0.7007874015748031,0.6521739130434783,0.7777777777777778,4,2,2022-10-09 19:46:30.887594
18,CodeBlock7,12,48,D:/projects/Test_project_Codeclonetracer/onlinebookstore-J2EE\OnlineBookStore\servlets\UserRegisterServlet.java,"['\tpublic void service(ServletRequest req, ServletResponse res) throws IOException, ServletException {', '\t\tPrintWriter pw = res.getWriter();', '\t\tres.setContentType(IOnlineBookStoreConstants.CONTENT_TYPE_TEXT_HTML);', '', '\t\tString uName = req.getParameter(IUserContants.COLUMN_USERNAME);', '\t\tString pWord = req.getParameter(IUserContants.COLUMN_PASSWORD);', '\t\tString fName = req.getParameter(IUserContants.COLUMN_FIRSTNAME);', '\t\tString lName = req.getParameter(IUserContants.COLUMN_LASTNAME);', '\t\tString addr = req.getParameter(IUserContants.COLUMN_ADDRESS);', '\t\tString phNo = req.getParameter(IUserContants.COLUMN_PHONE);', '\t\tString mailId = req.getParameter(IUserContants.COLUMN_MAILID);', '\t\ttry {', '\t\t\tConnection con = DBConnection.getCon();', '\t\t\tPreparedStatement ps = con', '\t\t\t\t\t.prepareStatement(""insert into "" + IUserContants.TABLE_USERS + ""  values(?,?,?,?,?,?,?,?)"");', '\t\t\tps.setString(1, uName);', '\t\t\tps.setString(2, pWord);', '\t\t\tps.setString(3, fName);', '\t\t\tps.setString(4, lName);', '\t\t\tps.setString(5, addr);', '\t\t\tps.setString(6, phNo);', '\t\t\tps.setString(7, mailId);', '\t\t\tps.setInt(8, 2);', '\t\t\tint k = ps.executeUpdate();', '\t\t\tif (k == 1) {', '\t\t\t\tRequestDispatcher rd = req.getRequestDispatcher(""Sample.html"");', '\t\t\t\trd.include(req, res);', '\t\t\t\tpw.println(""<h3 class=\'tab\'>User Registered Successfully</h3>"");', '\t\t\t} else {', '\t\t\t\tRequestDispatcher rd = req.getRequestDispatcher(""userreg"");', '\t\t\t\trd.include(req, res);', '\t\t\t\tpw.println(""Sorry for interruption! Register again""); { ', '\t\t\t}', '\t\t} catch (Exception e) {', '\t\t\te.printStackTrace(); } ', '\t\t}', '\t}']","{'public': 1, 'void': 1, 'service': 1, 'TOKEN_VARIABLE': 49, 'throws': 1, 'getWriter': 1, 'setContentType': 1, 'String': 7, 'getParameter': 7, 'try': 1, 'getCon': 1, 'prepareStatement': 1, 'STRING_LITERAL': 6, 'INTEGER_LITERAL': 12, 'setString': 7, 'setInt': 1, 'int': 1, 'executeUpdate': 1, 'if': 1, 'getRequestDispatcher': 2, 'include': 2, 'println': 2, 'catch': 1, 'printStackTrace': 1}",CodeBlock2,D:/projects/Test_project_Codeclonetracer/onlinebookstore-J2EE\OnlineBookStore\servlets\AdminLoginServlet.java,0.6515151515151515,0.6521739130434783,0.7,4,2,2022-10-09 19:46:30.887594
19,CodeBlock7,12,48,D:/projects/Test_project_Codeclonetracer/onlinebookstore-J2EE\OnlineBookStore\servlets\UserRegisterServlet.java,"['\tpublic void service(ServletRequest req, ServletResponse res) throws IOException, ServletException {', '\t\tPrintWriter pw = res.getWriter();', '\t\tres.setContentType(IOnlineBookStoreConstants.CONTENT_TYPE_TEXT_HTML);', '', '\t\tString uName = req.getParameter(IUserContants.COLUMN_USERNAME);', '\t\tString pWord = req.getParameter(IUserContants.COLUMN_PASSWORD);', '\t\tString fName = req.getParameter(IUserContants.COLUMN_FIRSTNAME);', '\t\tString lName = req.getParameter(IUserContants.COLUMN_LASTNAME);', '\t\tString addr = req.getParameter(IUserContants.COLUMN_ADDRESS);', '\t\tString phNo = req.getParameter(IUserContants.COLUMN_PHONE);', '\t\tString mailId = req.getParameter(IUserContants.COLUMN_MAILID);', '\t\ttry {', '\t\t\tConnection con = DBConnection.getCon();', '\t\t\tPreparedStatement ps = con', '\t\t\t\t\t.prepareStatement(""insert into "" + IUserContants.TABLE_USERS + ""  values(?,?,?,?,?,?,?,?)"");', '\t\t\tps.setString(1, uName);', '\t\t\tps.setString(2, pWord);', '\t\t\tps.setString(3, fName);', '\t\t\tps.setString(4, lName);', '\t\t\tps.setString(5, addr);', '\t\t\tps.setString(6, phNo);', '\t\t\tps.setString(7, mailId);', '\t\t\tps.setInt(8, 2);', '\t\t\tint k = ps.executeUpdate();', '\t\t\tif (k == 1) {', '\t\t\t\tRequestDispatcher rd = req.getRequestDispatcher(""Sample.html"");', '\t\t\t\trd.include(req, res);', '\t\t\t\tpw.println(""<h3 class=\'tab\'>User Registered Successfully</h3>"");', '\t\t\t} else {', '\t\t\t\tRequestDispatcher rd = req.getRequestDispatcher(""userreg"");', '\t\t\t\trd.include(req, res);', '\t\t\t\tpw.println(""Sorry for interruption! Register again""); { ', '\t\t\t}', '\t\t} catch (Exception e) {', '\t\t\te.printStackTrace(); } ', '\t\t}', '\t}']","{'public': 1, 'void': 1, 'service': 1, 'TOKEN_VARIABLE': 49, 'throws': 1, 'getWriter': 1, 'setContentType': 1, 'String': 7, 'getParameter': 7, 'try': 1, 'getCon': 1, 'prepareStatement': 1, 'STRING_LITERAL': 6, 'INTEGER_LITERAL': 12, 'setString': 7, 'setInt': 1, 'int': 1, 'executeUpdate': 1, 'if': 1, 'getRequestDispatcher': 2, 'include': 2, 'println': 2, 'catch': 1, 'printStackTrace': 1}",CodeBlock6,D:/projects/Test_project_Codeclonetracer/onlinebookstore-J2EE\OnlineBookStore\servlets\UserLoginServlet.java,0.7007874015748031,0.6521739130434783,0.7777777777777778,4,2,2022-10-09 19:46:30.887594
20,CodeBlock1,17,55,D:/projects/Test_project_Codeclonetracer/onlinebookstore-J2EE\OnlineBookStore\servlets\AddBookServlet.java,"['\tpublic void service(ServletRequest req,ServletResponse res) throws IOException,ServletException', '\t{', '\t\tPrintWriter pw = res.getWriter();', '\t\t', '\t\tres.setContentType(IOnlineBookStoreConstants.CONTENT_TYPE_TEXT_HTML);', '\t\t', '\t\tString bCode = req.getParameter(IBookConstants.COLUMN_BARCODE);', '\t\tString bName = req.getParameter(IBookConstants.COLUMN_NAME);', '\t\tString bAuthor = req.getParameter(IBookConstants.COLUMN_AUTHOR);', '\t\tint bPrice =Integer.parseInt(req.getParameter(IBookConstants.COLUMN_PRICE));', '\t\tint bQty = Integer.parseInt(req.getParameter(IBookConstants.COLUMN_QUANTITY));', '\t\t', '\t\ttry {', '\t\t\tConnection con = DBConnection.getCon();', '\t\t\tPreparedStatement ps = con.prepareStatement(""insert into "" + IBookConstants.TABLE_BOOK + ""  values(?,?,?,?,?)"");', '\t\t\tps.setString(1, bCode);', '\t\t\tps.setString(2, bName);', '\t\t\tps.setString(3, bAuthor);', '\t\t\tps.setInt(4, bPrice);', '\t\t\tps.setInt(5, bQty);', '\t\t\tint k = ps.executeUpdate();', '\t\t\tif(k==1)', '\t\t\t{', '\t\t\t\tRequestDispatcher rd = req.getRequestDispatcher(""AddBook.html"");', '\t\t\t\trd.include(req, res);', '\t\t\t\tpw.println(""<div class=\\""tab\\"">Book Detail Updated Successfully!<br/>Add More Books</div>"");', '\t\t\t}', '\t\t\telse', '\t\t\t{', '\t\t\t\tRequestDispatcher rd = req.getRequestDispatcher(""AddBook.html"");', '\t\t\t\tpw.println(""<div class=\\""tab\\"">Failed to Add Books! Fill up CareFully</div>"");', '\t\t\t\trd.include(req, res);', '\t\t\t}', '\t\t}', '\t\tcatch(Exception e)', '\t\t{', '\t\t\te.printStackTrace();', '\t\t}', '\t}']","{'public': 1, 'void': 1, 'service': 1, 'TOKEN_VARIABLE': 44, 'throws': 1, 'getWriter': 1, 'setContentType': 1, 'String': 3, 'getParameter': 5, 'int': 3, 'parseInt': 2, 'try': 1, 'getCon': 1, 'prepareStatement': 1, 'STRING_LITERAL': 8, 'INTEGER_LITERAL': 8, 'setString': 3, 'setInt': 2, 'executeUpdate': 1, 'if': 1, 'getRequestDispatcher': 2, 'include': 2, 'println': 2, 'catch': 1, 'printStackTrace': 1}",CodeBlock2,D:/projects/Test_project_Codeclonetracer/onlinebookstore-J2EE\OnlineBookStore\servlets\AdminLoginServlet.java,0.6885245901639344,0.7142857142857143,0.8,4,1,2022-10-09 19:46:30.887594
21,CodeBlock1,17,55,D:/projects/Test_project_Codeclonetracer/onlinebookstore-J2EE\OnlineBookStore\servlets\AddBookServlet.java,"['\tpublic void service(ServletRequest req,ServletResponse res) throws IOException,ServletException', '\t{', '\t\tPrintWriter pw = res.getWriter();', '\t\t', '\t\tres.setContentType(IOnlineBookStoreConstants.CONTENT_TYPE_TEXT_HTML);', '\t\t', '\t\tString bCode = req.getParameter(IBookConstants.COLUMN_BARCODE);', '\t\tString bName = req.getParameter(IBookConstants.COLUMN_NAME);', '\t\tString bAuthor = req.getParameter(IBookConstants.COLUMN_AUTHOR);', '\t\tint bPrice =Integer.parseInt(req.getParameter(IBookConstants.COLUMN_PRICE));', '\t\tint bQty = Integer.parseInt(req.getParameter(IBookConstants.COLUMN_QUANTITY));', '\t\t', '\t\ttry {', '\t\t\tConnection con = DBConnection.getCon();', '\t\t\tPreparedStatement ps = con.prepareStatement(""insert into "" + IBookConstants.TABLE_BOOK + ""  values(?,?,?,?,?)"");', '\t\t\tps.setString(1, bCode);', '\t\t\tps.setString(2, bName);', '\t\t\tps.setString(3, bAuthor);', '\t\t\tps.setInt(4, bPrice);', '\t\t\tps.setInt(5, bQty);', '\t\t\tint k = ps.executeUpdate();', '\t\t\tif(k==1)', '\t\t\t{', '\t\t\t\tRequestDispatcher rd = req.getRequestDispatcher(""AddBook.html"");', '\t\t\t\trd.include(req, res);', '\t\t\t\tpw.println(""<div class=\\""tab\\"">Book Detail Updated Successfully!<br/>Add More Books</div>"");', '\t\t\t}', '\t\t\telse', '\t\t\t{', '\t\t\t\tRequestDispatcher rd = req.getRequestDispatcher(""AddBook.html"");', '\t\t\t\tpw.println(""<div class=\\""tab\\"">Failed to Add Books! Fill up CareFully</div>"");', '\t\t\t\trd.include(req, res);', '\t\t\t}', '\t\t}', '\t\tcatch(Exception e)', '\t\t{', '\t\t\te.printStackTrace();', '\t\t}', '\t}']","{'public': 1, 'void': 1, 'service': 1, 'TOKEN_VARIABLE': 44, 'throws': 1, 'getWriter': 1, 'setContentType': 1, 'String': 3, 'getParameter': 5, 'int': 3, 'parseInt': 2, 'try': 1, 'getCon': 1, 'prepareStatement': 1, 'STRING_LITERAL': 8, 'INTEGER_LITERAL': 8, 'setString': 3, 'setInt': 2, 'executeUpdate': 1, 'if': 1, 'getRequestDispatcher': 2, 'include': 2, 'println': 2, 'catch': 1, 'printStackTrace': 1}",CodeBlock6,D:/projects/Test_project_Codeclonetracer/onlinebookstore-J2EE\OnlineBookStore\servlets\UserLoginServlet.java,0.7,0.7142857142857143,0.8,4,1,2022-10-09 19:46:30.887594
22,CodeBlock2,14,47,D:/projects/Test_project_Codeclonetracer/onlinebookstore-J2EE\OnlineBookStore\servlets\AdminLoginServlet.java,"['\tpublic void service(ServletRequest req, ServletResponse res) throws IOException, ServletException {', '\t\tPrintWriter pw = res.getWriter();', '\t\tres.setContentType(IOnlineBookStoreConstants.CONTENT_TYPE_TEXT_HTML);', '\t\tString uName = req.getParameter(IUserContants.COLUMN_USERNAME);', '\t\tString pWord = req.getParameter(IUserContants.COLUMN_PASSWORD);', '\t\ttry {', '\t\t\tConnection con = DBConnection.getCon();', '\t\t\tPreparedStatement ps = con.prepareStatement(""SELECT * FROM "" + IUserContants.TABLE_USERS + "" WHERE  ""', '\t\t\t\t\t+ IUserContants.COLUMN_USERNAME + ""=? AND "" + IUserContants.COLUMN_PASSWORD + ""=? AND ""', '\t\t\t\t\t+ IUserContants.COLUMN_USERTYPE + ""=1"");', '\t\t\tps.setString(1, uName);', '\t\t\tps.setString(2, pWord);', '\t\t\tResultSet rs = ps.executeQuery();', '\t\t\tif (rs.next()) {', '\t\t\t\tRequestDispatcher rd = req.getRequestDispatcher(""Sample.html"");', '\t\t\t\t', '\t\t\t\tCookie ck = new Cookie(""usertype"",""admin"");', '\t\t\t\t', '\t\t\t\trd.include(req, res);', '\t\t\t\tpw.println(""<div class=\\""tab\\"">Admin login Successful</div>"");', '\t\t\t\tpw.println(""<div class=\\""tab\\""><br/><a href=\\""AddBook.html\\"">ADD BOOKS</a><br/></div>"");', '\t\t\t\tpw.println(""<div class=\\""tab\\""><br/><a href=\\""RemoveBooks.html\\"">REMOVE BOOKS</a><br/></div>"");', '\t\t\t\tpw.println(""<div class=\\""tab\\""><br/><a href=\\""viewbook\\"">VIEW BOOKS</a></div>"");', '\t\t\t} else {', '', '\t\t\t\tRequestDispatcher rd = req.getRequestDispatcher(""AdminLogin.html"");', '\t\t\t\trd.include(req, res);', '\t\t\t\tpw.println(""<div class=\\""tab\\"">Incorrect UserName or PassWord</div>"");', '\t\t\t}', '', '\t\t} catch (Exception e) {', '\t\t\te.printStackTrace();', '\t\t}', '\t}']","{'public': 1, 'void': 1, 'service': 1, 'TOKEN_VARIABLE': 46, 'throws': 1, 'getWriter': 1, 'setContentType': 1, 'String': 2, 'getParameter': 2, 'try': 1, 'getCon': 1, 'prepareStatement': 1, 'STRING_LITERAL': 22, 'INTEGER_LITERAL': 10, 'setString': 2, 'executeQuery': 1, 'if': 1, 'next': 1, 'getRequestDispatcher': 2, 'new': 1, 'Cookie': 1, 'include': 2, 'println': 5, 'catch': 1, 'printStackTrace': 1}",CodeBlock1,D:/projects/Test_project_Codeclonetracer/onlinebookstore-J2EE\OnlineBookStore\servlets\AddBookServlet.java,0.6885245901639344,0.7142857142857143,0.8,4,1,2022-10-09 19:46:30.887594
23,CodeBlock2,14,47,D:/projects/Test_project_Codeclonetracer/onlinebookstore-J2EE\OnlineBookStore\servlets\AdminLoginServlet.java,"['\tpublic void service(ServletRequest req, ServletResponse res) throws IOException, ServletException {', '\t\tPrintWriter pw = res.getWriter();', '\t\tres.setContentType(IOnlineBookStoreConstants.CONTENT_TYPE_TEXT_HTML);', '\t\tString uName = req.getParameter(IUserContants.COLUMN_USERNAME);', '\t\tString pWord = req.getParameter(IUserContants.COLUMN_PASSWORD);', '\t\ttry {', '\t\t\tConnection con = DBConnection.getCon();', '\t\t\tPreparedStatement ps = con.prepareStatement(""SELECT * FROM "" + IUserContants.TABLE_USERS + "" WHERE  ""', '\t\t\t\t\t+ IUserContants.COLUMN_USERNAME + ""=? AND "" + IUserContants.COLUMN_PASSWORD + ""=? AND ""', '\t\t\t\t\t+ IUserContants.COLUMN_USERTYPE + ""=1"");', '\t\t\tps.setString(1, uName);', '\t\t\tps.setString(2, pWord);', '\t\t\tResultSet rs = ps.executeQuery();', '\t\t\tif (rs.next()) {', '\t\t\t\tRequestDispatcher rd = req.getRequestDispatcher(""Sample.html"");', '\t\t\t\t', '\t\t\t\tCookie ck = new Cookie(""usertype"",""admin"");', '\t\t\t\t', '\t\t\t\trd.include(req, res);', '\t\t\t\tpw.println(""<div class=\\""tab\\"">Admin login Successful</div>"");', '\t\t\t\tpw.println(""<div class=\\""tab\\""><br/><a href=\\""AddBook.html\\"">ADD BOOKS</a><br/></div>"");', '\t\t\t\tpw.println(""<div class=\\""tab\\""><br/><a href=\\""RemoveBooks.html\\"">REMOVE BOOKS</a><br/></div>"");', '\t\t\t\tpw.println(""<div class=\\""tab\\""><br/><a href=\\""viewbook\\"">VIEW BOOKS</a></div>"");', '\t\t\t} else {', '', '\t\t\t\tRequestDispatcher rd = req.getRequestDispatcher(""AdminLogin.html"");', '\t\t\t\trd.include(req, res);', '\t\t\t\tpw.println(""<div class=\\""tab\\"">Incorrect UserName or PassWord</div>"");', '\t\t\t}', '', '\t\t} catch (Exception e) {', '\t\t\te.printStackTrace();', '\t\t}', '\t}']","{'public': 1, 'void': 1, 'service': 1, 'TOKEN_VARIABLE': 46, 'throws': 1, 'getWriter': 1, 'setContentType': 1, 'String': 2, 'getParameter': 2, 'try': 1, 'getCon': 1, 'prepareStatement': 1, 'STRING_LITERAL': 22, 'INTEGER_LITERAL': 10, 'setString': 2, 'executeQuery': 1, 'if': 1, 'next': 1, 'getRequestDispatcher': 2, 'new': 1, 'Cookie': 1, 'include': 2, 'println': 5, 'catch': 1, 'printStackTrace': 1}",CodeBlock6,D:/projects/Test_project_Codeclonetracer/onlinebookstore-J2EE\OnlineBookStore\servlets\UserLoginServlet.java,0.9285714285714286,0.8095238095238095,0.9,4,1,2022-10-09 19:46:30.887594
24,CodeBlock2,14,47,D:/projects/Test_project_Codeclonetracer/onlinebookstore-J2EE\OnlineBookStore\servlets\AdminLoginServlet.java,"['\tpublic void service(ServletRequest req, ServletResponse res) throws IOException, ServletException {', '\t\tPrintWriter pw = res.getWriter();', '\t\tres.setContentType(IOnlineBookStoreConstants.CONTENT_TYPE_TEXT_HTML);', '\t\tString uName = req.getParameter(IUserContants.COLUMN_USERNAME);', '\t\tString pWord = req.getParameter(IUserContants.COLUMN_PASSWORD);', '\t\ttry {', '\t\t\tConnection con = DBConnection.getCon();', '\t\t\tPreparedStatement ps = con.prepareStatement(""SELECT * FROM "" + IUserContants.TABLE_USERS + "" WHERE  ""', '\t\t\t\t\t+ IUserContants.COLUMN_USERNAME + ""=? AND "" + IUserContants.COLUMN_PASSWORD + ""=? AND ""', '\t\t\t\t\t+ IUserContants.COLUMN_USERTYPE + ""=1"");', '\t\t\tps.setString(1, uName);', '\t\t\tps.setString(2, pWord);', '\t\t\tResultSet rs = ps.executeQuery();', '\t\t\tif (rs.next()) {', '\t\t\t\tRequestDispatcher rd = req.getRequestDispatcher(""Sample.html"");', '\t\t\t\t', '\t\t\t\tCookie ck = new Cookie(""usertype"",""admin"");', '\t\t\t\t', '\t\t\t\trd.include(req, res);', '\t\t\t\tpw.println(""<div class=\\""tab\\"">Admin login Successful</div>"");', '\t\t\t\tpw.println(""<div class=\\""tab\\""><br/><a href=\\""AddBook.html\\"">ADD BOOKS</a><br/></div>"");', '\t\t\t\tpw.println(""<div class=\\""tab\\""><br/><a href=\\""RemoveBooks.html\\"">REMOVE BOOKS</a><br/></div>"");', '\t\t\t\tpw.println(""<div class=\\""tab\\""><br/><a href=\\""viewbook\\"">VIEW BOOKS</a></div>"");', '\t\t\t} else {', '', '\t\t\t\tRequestDispatcher rd = req.getRequestDispatcher(""AdminLogin.html"");', '\t\t\t\trd.include(req, res);', '\t\t\t\tpw.println(""<div class=\\""tab\\"">Incorrect UserName or PassWord</div>"");', '\t\t\t}', '', '\t\t} catch (Exception e) {', '\t\t\te.printStackTrace();', '\t\t}', '\t}']","{'public': 1, 'void': 1, 'service': 1, 'TOKEN_VARIABLE': 46, 'throws': 1, 'getWriter': 1, 'setContentType': 1, 'String': 2, 'getParameter': 2, 'try': 1, 'getCon': 1, 'prepareStatement': 1, 'STRING_LITERAL': 22, 'INTEGER_LITERAL': 10, 'setString': 2, 'executeQuery': 1, 'if': 1, 'next': 1, 'getRequestDispatcher': 2, 'new': 1, 'Cookie': 1, 'include': 2, 'println': 5, 'catch': 1, 'printStackTrace': 1}",CodeBlock7,D:/projects/Test_project_Codeclonetracer/onlinebookstore-J2EE\OnlineBookStore\servlets\UserRegisterServlet.java,0.6515151515151515,0.6521739130434783,0.7,4,1,2022-10-09 19:46:30.887594
25,CodeBlock6,12,41,D:/projects/Test_project_Codeclonetracer/onlinebookstore-J2EE\OnlineBookStore\servlets\UserLoginServlet.java,"['\tpublic void service(ServletRequest req, ServletResponse res) throws IOException, ServletException {', '\t\tPrintWriter pw = res.getWriter();', '\t\tres.setContentType(IOnlineBookStoreConstants.CONTENT_TYPE_TEXT_HTML);', '\t\tString uName = req.getParameter(IUserContants.COLUMN_USERNAME);', '\t\tString pWord = req.getParameter(IUserContants.COLUMN_PASSWORD);', '\t\ttry {', '\t\t\tConnection con = DBConnection.getCon();', '\t\t\tPreparedStatement ps = con.prepareStatement(""SELECT * FROM "" + IUserContants.TABLE_USERS + "" WHERE ""', '\t\t\t\t\t+ IUserContants.COLUMN_USERNAME + ""=? AND "" + IUserContants.COLUMN_PASSWORD + ""=? AND "" + IUserContants.COLUMN_USERTYPE + ""=2"");', '\t\t\tps.setString(1, uName);', '\t\t\tps.setString(2, pWord);', '\t\t\tResultSet rs = ps.executeQuery();', '\t\t\tif (rs.next()) {', '\t\t\t\tRequestDispatcher rd = req.getRequestDispatcher(""Sample.html"");', '\t\t\t\trd.include(req, res);', '\t\t\t\tpw.println(""<div class=\\""home hd brown\\"">Welcome ! "" + uName + ""</div><br/>"");', '\t\t\t\tpw.println(""<div class=\\""tab hd brown\\"">User Login Successful !</div><br/>"");', '\t\t\t\tpw.println(""<div class=\\""tab\\""><a href=\\""viewbook\\"">VIEW BOOKS</a></div>"");', '\t\t\t\tpw.println(""<div class=\'tab\'><a href=\\""buybook\\"">BUY BOOKS</a></div>"");', '\t\t\t} else {', '', '\t\t\t\tRequestDispatcher rd = req.getRequestDispatcher(""UserLogin.html"");', '\t\t\t\trd.include(req, res);', '\t\t\t\tpw.println(""<div class=\\""tab\\"">Incorrect UserName or PassWord</div>"");', '\t\t\t}', '', '\t\t} catch (Exception e) {', '\t\t\te.printStackTrace();', '\t\t}', '\t}']","{'public': 1, 'void': 1, 'service': 1, 'TOKEN_VARIABLE': 47, 'throws': 1, 'getWriter': 1, 'setContentType': 1, 'String': 2, 'getParameter': 2, 'try': 1, 'getCon': 1, 'prepareStatement': 1, 'STRING_LITERAL': 19, 'INTEGER_LITERAL': 12, 'setString': 2, 'executeQuery': 1, 'if': 1, 'next': 1, 'getRequestDispatcher': 2, 'include': 2, 'println': 5, 'catch': 1, 'printStackTrace': 1}",CodeBlock1,D:/projects/Test_project_Codeclonetracer/onlinebookstore-J2EE\OnlineBookStore\servlets\AddBookServlet.java,0.7,0.7142857142857143,0.8,4,1,2022-10-09 19:46:30.887594
26,CodeBlock6,12,41,D:/projects/Test_project_Codeclonetracer/onlinebookstore-J2EE\OnlineBookStore\servlets\UserLoginServlet.java,"['\tpublic void service(ServletRequest req, ServletResponse res) throws IOException, ServletException {', '\t\tPrintWriter pw = res.getWriter();', '\t\tres.setContentType(IOnlineBookStoreConstants.CONTENT_TYPE_TEXT_HTML);', '\t\tString uName = req.getParameter(IUserContants.COLUMN_USERNAME);', '\t\tString pWord = req.getParameter(IUserContants.COLUMN_PASSWORD);', '\t\ttry {', '\t\t\tConnection con = DBConnection.getCon();', '\t\t\tPreparedStatement ps = con.prepareStatement(""SELECT * FROM "" + IUserContants.TABLE_USERS + "" WHERE ""', '\t\t\t\t\t+ IUserContants.COLUMN_USERNAME + ""=? AND "" + IUserContants.COLUMN_PASSWORD + ""=? AND "" + IUserContants.COLUMN_USERTYPE + ""=2"");', '\t\t\tps.setString(1, uName);', '\t\t\tps.setString(2, pWord);', '\t\t\tResultSet rs = ps.executeQuery();', '\t\t\tif (rs.next()) {', '\t\t\t\tRequestDispatcher rd = req.getRequestDispatcher(""Sample.html"");', '\t\t\t\trd.include(req, res);', '\t\t\t\tpw.println(""<div class=\\""home hd brown\\"">Welcome ! "" + uName + ""</div><br/>"");', '\t\t\t\tpw.println(""<div class=\\""tab hd brown\\"">User Login Successful !</div><br/>"");', '\t\t\t\tpw.println(""<div class=\\""tab\\""><a href=\\""viewbook\\"">VIEW BOOKS</a></div>"");', '\t\t\t\tpw.println(""<div class=\'tab\'><a href=\\""buybook\\"">BUY BOOKS</a></div>"");', '\t\t\t} else {', '', '\t\t\t\tRequestDispatcher rd = req.getRequestDispatcher(""UserLogin.html"");', '\t\t\t\trd.include(req, res);', '\t\t\t\tpw.println(""<div class=\\""tab\\"">Incorrect UserName or PassWord</div>"");', '\t\t\t}', '', '\t\t} catch (Exception e) {', '\t\t\te.printStackTrace();', '\t\t}', '\t}']","{'public': 1, 'void': 1, 'service': 1, 'TOKEN_VARIABLE': 47, 'throws': 1, 'getWriter': 1, 'setContentType': 1, 'String': 2, 'getParameter': 2, 'try': 1, 'getCon': 1, 'prepareStatement': 1, 'STRING_LITERAL': 19, 'INTEGER_LITERAL': 12, 'setString': 2, 'executeQuery': 1, 'if': 1, 'next': 1, 'getRequestDispatcher': 2, 'include': 2, 'println': 5, 'catch': 1, 'printStackTrace': 1}",CodeBlock2,D:/projects/Test_project_Codeclonetracer/onlinebookstore-J2EE\OnlineBookStore\servlets\AdminLoginServlet.java,0.9285714285714286,0.8095238095238095,0.9,4,1,2022-10-09 19:46:30.887594
27,CodeBlock6,12,41,D:/projects/Test_project_Codeclonetracer/onlinebookstore-J2EE\OnlineBookStore\servlets\UserLoginServlet.java,"['\tpublic void service(ServletRequest req, ServletResponse res) throws IOException, ServletException {', '\t\tPrintWriter pw = res.getWriter();', '\t\tres.setContentType(IOnlineBookStoreConstants.CONTENT_TYPE_TEXT_HTML);', '\t\tString uName = req.getParameter(IUserContants.COLUMN_USERNAME);', '\t\tString pWord = req.getParameter(IUserContants.COLUMN_PASSWORD);', '\t\ttry {', '\t\t\tConnection con = DBConnection.getCon();', '\t\t\tPreparedStatement ps = con.prepareStatement(""SELECT * FROM "" + IUserContants.TABLE_USERS + "" WHERE ""', '\t\t\t\t\t+ IUserContants.COLUMN_USERNAME + ""=? AND "" + IUserContants.COLUMN_PASSWORD + ""=? AND "" + IUserContants.COLUMN_USERTYPE + ""=2"");', '\t\t\tps.setString(1, uName);', '\t\t\tps.setString(2, pWord);', '\t\t\tResultSet rs = ps.executeQuery();', '\t\t\tif (rs.next()) {', '\t\t\t\tRequestDispatcher rd = req.getRequestDispatcher(""Sample.html"");', '\t\t\t\trd.include(req, res);', '\t\t\t\tpw.println(""<div class=\\""home hd brown\\"">Welcome ! "" + uName + ""</div><br/>"");', '\t\t\t\tpw.println(""<div class=\\""tab hd brown\\"">User Login Successful !</div><br/>"");', '\t\t\t\tpw.println(""<div class=\\""tab\\""><a href=\\""viewbook\\"">VIEW BOOKS</a></div>"");', '\t\t\t\tpw.println(""<div class=\'tab\'><a href=\\""buybook\\"">BUY BOOKS</a></div>"");', '\t\t\t} else {', '', '\t\t\t\tRequestDispatcher rd = req.getRequestDispatcher(""UserLogin.html"");', '\t\t\t\trd.include(req, res);', '\t\t\t\tpw.println(""<div class=\\""tab\\"">Incorrect UserName or PassWord</div>"");', '\t\t\t}', '', '\t\t} catch (Exception e) {', '\t\t\te.printStackTrace();', '\t\t}', '\t}']","{'public': 1, 'void': 1, 'service': 1, 'TOKEN_VARIABLE': 47, 'throws': 1, 'getWriter': 1, 'setContentType': 1, 'String': 2, 'getParameter': 2, 'try': 1, 'getCon': 1, 'prepareStatement': 1, 'STRING_LITERAL': 19, 'INTEGER_LITERAL': 12, 'setString': 2, 'executeQuery': 1, 'if': 1, 'next': 1, 'getRequestDispatcher': 2, 'include': 2, 'println': 5, 'catch': 1, 'printStackTrace': 1}",CodeBlock7,D:/projects/Test_project_Codeclonetracer/onlinebookstore-J2EE\OnlineBookStore\servlets\UserRegisterServlet.java,0.7007874015748031,0.6521739130434783,0.7777777777777778,4,1,2022-10-09 19:46:30.887594
28,CodeBlock7,12,48,D:/projects/Test_project_Codeclonetracer/onlinebookstore-J2EE\OnlineBookStore\servlets\UserRegisterServlet.java,"['\tpublic void service(ServletRequest req, ServletResponse res) throws IOException, ServletException {', '\t\tPrintWriter pw = res.getWriter();', '\t\tres.setContentType(IOnlineBookStoreConstants.CONTENT_TYPE_TEXT_HTML);', '', '\t\tString uName = req.getParameter(IUserContants.COLUMN_USERNAME);', '\t\tString pWord = req.getParameter(IUserContants.COLUMN_PASSWORD);', '\t\tString fName = req.getParameter(IUserContants.COLUMN_FIRSTNAME);', '\t\tString lName = req.getParameter(IUserContants.COLUMN_LASTNAME);', '\t\tString addr = req.getParameter(IUserContants.COLUMN_ADDRESS);', '\t\tString phNo = req.getParameter(IUserContants.COLUMN_PHONE);', '\t\tString mailId = req.getParameter(IUserContants.COLUMN_MAILID);', '\t\ttry {', '\t\t\tConnection con = DBConnection.getCon();', '\t\t\tPreparedStatement ps = con', '\t\t\t\t\t.prepareStatement(""insert into "" + IUserContants.TABLE_USERS + ""  values(?,?,?,?,?,?,?,?)"");', '\t\t\tps.setString(1, uName);', '\t\t\tps.setString(2, pWord);', '\t\t\tps.setString(3, fName);', '\t\t\tps.setString(4, lName);', '\t\t\tps.setString(5, addr);', '\t\t\tps.setString(6, phNo);', '\t\t\tps.setString(7, mailId);', '\t\t\tps.setInt(8, 2);', '\t\t\tint k = ps.executeUpdate();', '\t\t\tif (k == 1) {', '\t\t\t\tRequestDispatcher rd = req.getRequestDispatcher(""Sample.html"");', '\t\t\t\trd.include(req, res);', '\t\t\t\tpw.println(""<h3 class=\'tab\'>User Registered Successfully</h3>"");', '\t\t\t} else {', '\t\t\t\tRequestDispatcher rd = req.getRequestDispatcher(""userreg"");', '\t\t\t\trd.include(req, res);', '\t\t\t\tpw.println(""Sorry for interruption! Register again""); { ', '\t\t\t}', '\t\t} catch (Exception e) {', '\t\t\te.printStackTrace(); } ', '\t\t}', '\t}']","{'public': 1, 'void': 1, 'service': 1, 'TOKEN_VARIABLE': 49, 'throws': 1, 'getWriter': 1, 'setContentType': 1, 'String': 7, 'getParameter': 7, 'try': 1, 'getCon': 1, 'prepareStatement': 1, 'STRING_LITERAL': 6, 'INTEGER_LITERAL': 12, 'setString': 7, 'setInt': 1, 'int': 1, 'executeUpdate': 1, 'if': 1, 'getRequestDispatcher': 2, 'include': 2, 'println': 2, 'catch': 1, 'printStackTrace': 1}",CodeBlock2,D:/projects/Test_project_Codeclonetracer/onlinebookstore-J2EE\OnlineBookStore\servlets\AdminLoginServlet.java,0.6515151515151515,0.6521739130434783,0.7,4,1,2022-10-09 19:46:30.887594
29,CodeBlock7,12,48,D:/projects/Test_project_Codeclonetracer/onlinebookstore-J2EE\OnlineBookStore\servlets\UserRegisterServlet.java,"['\tpublic void service(ServletRequest req, ServletResponse res) throws IOException, ServletException {', '\t\tPrintWriter pw = res.getWriter();', '\t\tres.setContentType(IOnlineBookStoreConstants.CONTENT_TYPE_TEXT_HTML);', '', '\t\tString uName = req.getParameter(IUserContants.COLUMN_USERNAME);', '\t\tString pWord = req.getParameter(IUserContants.COLUMN_PASSWORD);', '\t\tString fName = req.getParameter(IUserContants.COLUMN_FIRSTNAME);', '\t\tString lName = req.getParameter(IUserContants.COLUMN_LASTNAME);', '\t\tString addr = req.getParameter(IUserContants.COLUMN_ADDRESS);', '\t\tString phNo = req.getParameter(IUserContants.COLUMN_PHONE);', '\t\tString mailId = req.getParameter(IUserContants.COLUMN_MAILID);', '\t\ttry {', '\t\t\tConnection con = DBConnection.getCon();', '\t\t\tPreparedStatement ps = con', '\t\t\t\t\t.prepareStatement(""insert into "" + IUserContants.TABLE_USERS + ""  values(?,?,?,?,?,?,?,?)"");', '\t\t\tps.setString(1, uName);', '\t\t\tps.setString(2, pWord);', '\t\t\tps.setString(3, fName);', '\t\t\tps.setString(4, lName);', '\t\t\tps.setString(5, addr);', '\t\t\tps.setString(6, phNo);', '\t\t\tps.setString(7, mailId);', '\t\t\tps.setInt(8, 2);', '\t\t\tint k = ps.executeUpdate();', '\t\t\tif (k == 1) {', '\t\t\t\tRequestDispatcher rd = req.getRequestDispatcher(""Sample.html"");', '\t\t\t\trd.include(req, res);', '\t\t\t\tpw.println(""<h3 class=\'tab\'>User Registered Successfully</h3>"");', '\t\t\t} else {', '\t\t\t\tRequestDispatcher rd = req.getRequestDispatcher(""userreg"");', '\t\t\t\trd.include(req, res);', '\t\t\t\tpw.println(""Sorry for interruption! Register again""); { ', '\t\t\t}', '\t\t} catch (Exception e) {', '\t\t\te.printStackTrace(); } ', '\t\t}', '\t}']","{'public': 1, 'void': 1, 'service': 1, 'TOKEN_VARIABLE': 49, 'throws': 1, 'getWriter': 1, 'setContentType': 1, 'String': 7, 'getParameter': 7, 'try': 1, 'getCon': 1, 'prepareStatement': 1, 'STRING_LITERAL': 6, 'INTEGER_LITERAL': 12, 'setString': 7, 'setInt': 1, 'int': 1, 'executeUpdate': 1, 'if': 1, 'getRequestDispatcher': 2, 'include': 2, 'println': 2, 'catch': 1, 'printStackTrace': 1}",CodeBlock6,D:/projects/Test_project_Codeclonetracer/onlinebookstore-J2EE\OnlineBookStore\servlets\UserLoginServlet.java,0.7007874015748031,0.6521739130434783,0.7777777777777778,4,1,2022-10-09 19:46:30.887594
